{"cameraMode":{"drawMode":0,"name":"Shaded","section":"Shading Mode"},"sceneLighting":false,"audioPlay":false,"sceneViewState":{"showFog":true,"showMaterialUpdate":true,"showSkybox":false,"showFlares":true,"showImageEffects":true,"showParticleSystems":true},"in2DMode":false,"pivot":{"x":-14.923103332519532,"y":50.95305633544922,"z":-83.61278533935547},"rotation":{"x":-0.005221179220825434,"y":-0.9847768545150757,"z":0.17133919894695283,"w":-0.029891150072216989},"size":5.351369857788086,"orthographic":false}