{"cameraMode":{"drawMode":0,"name":"Shaded","section":"Shading Mode"},"sceneLighting":true,"audioPlay":false,"sceneViewState":{"showFog":true,"showMaterialUpdate":true,"showSkybox":true,"showFlares":true,"showImageEffects":true,"showParticleSystems":true},"in2DMode":false,"pivot":{"x":128.4130401611328,"y":-12.841259002685547,"z":190.17242431640626},"rotation":{"x":0.31706273555755618,"y":0.19249384105205537,"z":-0.06597381085157395,"w":0.9264286756515503},"size":281.4319763183594,"orthographic":false}