{"cameraMode":{"drawMode":0,"name":"Shaded","section":"Shading Mode"},"sceneLighting":true,"audioPlay":false,"sceneViewState":{"showFog":true,"showMaterialUpdate":true,"showSkybox":true,"showFlares":true,"showImageEffects":true,"showParticleSystems":true},"in2DMode":false,"pivot":{"x":-675.9109497070313,"y":-838.8482666015625,"z":-827.165771484375},"rotation":{"x":0.1247880831360817,"y":-0.8752185702323914,"z":0.32943499088287356,"w":0.33152738213539126},"size":818.5155639648438,"orthographic":false}