{"cameraMode":{"drawMode":0,"name":"Shaded","section":"Shading Mode"},"sceneLighting":true,"audioPlay":false,"sceneViewState":{"showFog":true,"showMaterialUpdate":true,"showSkybox":true,"showFlares":true,"showImageEffects":true,"showParticleSystems":true},"in2DMode":false,"pivot":{"x":272.8442077636719,"y":-163.4108428955078,"z":207.0123748779297},"rotation":{"x":0.27822843194007876,"y":0.40570372343063357,"z":-0.12946704030036927,"w":0.8612590432167053},"size":226.21603393554688,"orthographic":false}