{"cameraMode":{"drawMode":0,"name":"Shaded","section":"Shading Mode"},"sceneLighting":false,"audioPlay":false,"sceneViewState":{"showFog":true,"showMaterialUpdate":true,"showSkybox":false,"showFlares":true,"showImageEffects":true,"showParticleSystems":true},"in2DMode":false,"pivot":{"x":513.5249633789063,"y":234.51499938964845,"z":-44.56623077392578},"rotation":{"x":-0.0024289442226290704,"y":0.9961029291152954,"z":-0.08363347500562668,"w":-0.02895563282072544},"size":929.7971801757813,"orthographic":false}