{"cameraMode":{"drawMode":0,"name":"Shaded","section":"Shading Mode"},"sceneLighting":true,"audioPlay":false,"sceneViewState":{"showFog":true,"showMaterialUpdate":true,"showSkybox":true,"showFlares":true,"showImageEffects":true,"showParticleSystems":true},"in2DMode":false,"pivot":{"x":358.2850646972656,"y":88.09524536132813,"z":375.3643493652344},"rotation":{"x":0.2040042132139206,"y":0.4704229533672333,"z":-0.11282342672348023,"w":0.8512091040611267},"size":190.11363220214845,"orthographic":false}