{"cameraMode":{"drawMode":0,"name":"Shaded","section":"Shading Mode"},"sceneLighting":true,"audioPlay":false,"sceneViewState":{"showFog":true,"showMaterialUpdate":true,"showSkybox":true,"showFlares":true,"showImageEffects":true,"showParticleSystems":true},"in2DMode":false,"pivot":{"x":-227.2352294921875,"y":-20.6043701171875,"z":140.8079833984375},"rotation":{"x":0.1923656165599823,"y":-0.6657034754753113,"z":0.20129451155662538,"w":0.6930006146430969},"size":639.4581298828125,"orthographic":false}