{"cameraMode":{"drawMode":0,"name":"Shaded","section":"Shading Mode"},"sceneLighting":false,"audioPlay":false,"sceneViewState":{"showFog":true,"showMaterialUpdate":true,"showSkybox":false,"showFlares":true,"showImageEffects":true,"showParticleSystems":true},"in2DMode":false,"pivot":{"x":-15.007966995239258,"y":50.94581985473633,"z":-79.97322082519531},"rotation":{"x":-0.0024289442226290704,"y":0.9961029291152954,"z":-0.08363347500562668,"w":-0.02895563282072544},"size":13.13020133972168,"orthographic":false}