{"cameraMode":{"drawMode":0,"name":"Shaded","section":"Shading Mode"},"sceneLighting":false,"audioPlay":false,"sceneViewState":{"showFog":true,"showMaterialUpdate":true,"showSkybox":false,"showFlares":true,"showImageEffects":true,"showParticleSystems":true},"in2DMode":false,"pivot":{"x":-14.999916076660157,"y":51.4771842956543,"z":-79.60260772705078},"rotation":{"x":-0.0024289442226290704,"y":0.9961029291152954,"z":-0.08363347500562668,"w":-0.02895563282072544},"size":4.271515369415283,"orthographic":false}