{"cameraMode":{"drawMode":0,"name":"Shaded","section":"Shading Mode"},"sceneLighting":true,"audioPlay":false,"sceneViewState":{"showFog":true,"showMaterialUpdate":true,"showSkybox":true,"showFlares":true,"showImageEffects":true,"showParticleSystems":true},"in2DMode":false,"pivot":{"x":88.67811584472656,"y":-239.26953125,"z":-342.9259948730469},"rotation":{"x":0.01242232695221901,"y":0.942140519618988,"z":-0.3351024389266968,"w":0.02507649175822735},"size":327.4228210449219,"orthographic":false}