{"cameraMode":{"drawMode":0,"name":"Shaded","section":"Shading Mode"},"sceneLighting":true,"audioPlay":false,"sceneViewState":{"showFog":true,"showMaterialUpdate":true,"showSkybox":true,"showFlares":true,"showImageEffects":true,"showParticleSystems":true},"in2DMode":false,"pivot":{"x":17.84431266784668,"y":47.033111572265628,"z":-26.721942901611329},"rotation":{"x":-0.18244221806526185,"y":-0.27665019035339358,"z":0.053245529532432559,"w":-0.9421231150627136},"size":11.138550758361817,"orthographic":false}