{"cameraMode":{"drawMode":0,"name":"Shaded","section":"Shading Mode"},"sceneLighting":false,"audioPlay":false,"sceneViewState":{"showFog":true,"showMaterialUpdate":true,"showSkybox":false,"showFlares":true,"showImageEffects":true,"showParticleSystems":true},"in2DMode":false,"pivot":{"x":0.040706437081098559,"y":-274.01458740234377,"z":314.89373779296877},"rotation":{"x":0.1923656165599823,"y":-0.6657034754753113,"z":0.20129451155662538,"w":0.6930006146430969},"size":12.336155891418457,"orthographic":false}