{"cameraMode":{"drawMode":0,"name":"Shaded","section":"Shading Mode"},"sceneLighting":false,"audioPlay":false,"sceneViewState":{"showFog":true,"showMaterialUpdate":true,"showSkybox":false,"showFlares":true,"showImageEffects":true,"showParticleSystems":true},"in2DMode":false,"pivot":{"x":-13.594207763671875,"y":48.71623992919922,"z":-77.83360290527344},"rotation":{"x":0.05376264452934265,"y":0.8684210181236267,"z":-0.09658650308847428,"w":0.48341238498687746},"size":17.48958396911621,"orthographic":false}