{"cameraMode":{"drawMode":0,"name":"Shaded","section":"Shading Mode"},"sceneLighting":false,"audioPlay":false,"sceneViewState":{"showFog":true,"showMaterialUpdate":false,"showSkybox":true,"showFlares":true,"showImageEffects":true,"showParticleSystems":true},"in2DMode":false,"pivot":{"x":-349.61474609375,"y":142.04010009765626,"z":400.3578796386719},"rotation":{"x":-0.16842283308506013,"y":-0.7568382620811462,"z":0.2146116942167282,"w":-0.5939550995826721},"size":20.604442596435548,"orthographic":false}